Story,similarity_score
"Jake desperately needed to get to the store. His girlfriend, usually his reliable source of transportation, was unavailable due to work and refused to help. His brother, locked away in his room and immersed in a terrifying horror movie, flat out said no.

Left with no other choice, Jake braced himself to take the dreaded bus alone. As he stepped onto the vehicle, he couldn't shake the feeling of being completely alone in the world. With every bump and screech during the ride, his heart pounded faster.

Despite the overwhelming fear and isolation, Jake managed to gather what he needed from the store, all by himself.",[[0.43047786]]
"Jake desperately needed to get to the store. His girlfriend, usually his rock, was occupied with work and couldn't take him. His brother, always unpredictable, was engrossed in a sinister movie and coldly refused to help. With no other options, Jake reluctantly decided to take the eerie, dimly-lit bus to the store.

Once there, he cautiously navigated the shadowy aisles, feeling a chilling sense of isolation. He managed to gather what he needed despite the growing unease that gnawed at him, accomplishing the task all by himself.",[[0.41584736]]
"Jake desperately needed to get to the store. His girlfriend, unnervingly distant lately, flat-out refused to take him. His brother, holed up in his room with the door locked, wouldn't even acknowledge his request. Feeling a chill crawl down his spine, Jake knew he had no choice but to venture out on his own.

He hesitantly boarded the eerily quiet bus, feeling the weight of the dark, vacant seats pressing in around him. Clutching his belongings tightly, Jake managed to find what he needed at the store, despite the overwhelming sense that he was being watched the entire time.",[[0.40035355]]
